date,industry_tone,becton_dickinson_diff,consolidated_edison_diff,centene_diff,docusign_diff,cerner_diff,unitedhealth_diff,uber_technologies_diff,microsoft_diff,lululemon_athletica_diff,nvidia_diff,paccar_diff,peloton_interactive_diff,automatic_data_processing_diff,lam_research_diff,edison_diff,willis_towers_watson_diff,best_buy_diff,lockheed_martin_diff,mondelez_diff,exelon_diff,twitter_diff,walt_disney_diff,public_service_enterprise_diff,alphabet_diff,yum_brands_diff,broadcom_diff,duke_diff,netflix_diff,apple_diff,charles_schwab_diff,fiserv_diff,regeneron_diff,micron_technology_diff,estee_lauder_diff,vf_diff,dollar_tree_diff,transdigm_diff,wells_fargo_diff,southwest_airlines_diff,xilinx_diff,corning_diff,sempra_diff,mckesson_diff,sherwin_williams_diff,baxter_diff,costar_diff,seagen_diff,edwards_lifesciences_diff,goldman_sachs_diff,splunk_diff,svb_financial_diff,american_diff,freeport_mcmoran_diff,international_business_machines_diff,twilio_diff,general_motors_diff,zimmer_biomet_holdings_diff,hilton_worldwide_holdings_diff,intuitive_surgical_diff,skyworks_solutions_diff,eog_resources_diff,delta_air_lines_diff,ford_motor_diff,eaton_diff,conocophillips_diff,microchip_technology_diff,roku_diff,coupa_software_diff,pinterest_diff,bank_of_diff,roper_technologies_diff,bristol_myers_squibb_diff,colgate_palmolive_diff,truist_financial_diff,northrop_grumman_diff,viacomcbs_diff,starbucks_diff,nike_diff,cvs_health_diff,t_rowe_price_diff,cognizant_technology_solutions_diff,sysco_diff,general_electric_diff,qualcomm_diff,etsy_diff,tesla_diff,amphenol_diff,spotify_technology_diff,johnson_controls_diff,aflac_diff,valero_diff,cme_diff,dow_diff,accenture_diff,altria_diff,dollar_general_diff,constellation_brands_diff,walgreen_boots_alliance_diff,mettler_toledo_diff,american_electric_power_diff,ansys_diff,capital_one_financial_diff,oreilly_automotive_diff,chubb_ltd_diff,linde_diff,texas_instrument_diff,metlife_diff,intercontinental_exchange_diff,blackrock_diff,marathon_petroleum_diff,travelers_companies_diff,berkshire_hathaway_diff,comcast_diff,ball_diff,yum_china_holdings_diff,emerson_electric_diff,costco_wholesale_diff,zoetis_diff,corteva_diff,moderna_diff,union_pacific_diff,ringcentral_diff,pepsico_diff,monster_beverage_diff,waste_management_diff,veeva_systems_diff,schlumberger_diff,medtronic_diff,pfizer_diff,prudential_financial_diff,electronic_arts_diff,dupont_de_nemours_diff,palo_alto_networks_diff,analog_devices_diff,cadence_design_systems_diff,fedex_diff,verisk_analytics_diff,autozone_diff,mastercard_diff,servicenow_diff,cummins_diff,marriott_diff,danaher_diff,cigna_diff,square_diff,american_express_diff,aptiv_diff,vertex_diff,humana_diff,aon_diff,eli_lilly_diff,home_depot_diff,crowdstrike_holdings_diff,xcel_diff,philip_morris_diff,rockwell_automation_diff,abbvie_diff,general_dynamics_diff,walmart_diff,otis_worldwide_diff,okta_diff,exxon_mobil_diff,kroger_diff,abbott_laboratories_diff,thermo_fisher_scientific_diff,us_bancorp_diff,dominion_diff,allstate_diff,stryker_diff,ebay_diff,progressive_diff,verizon_communications_diff,digital_realty_diff,citigroup_diff,autodesk_diff,hp_diff,nextera_diff,chevron_diff,carrier_global_diff,kinder_morgan_diff,prologis_diff,marvell_technology_group_ltd_diff,cisco_systems_diff,agilent_technologies_diff,illumina_diff,ross_stores_diff,boeing_diff,clorox_diff,keysight_technologies_diff,teladoc_health_diff,kimberly_clark_diff,honeywell_diff,general_mills_diff,gilead_sciences_diff,motorola_solutions_diff,fleetcor_technologies_diff,idexx_laboratories_diff,biogen_diff,intuit_diff,cintas_diff,dexcom_diff,intel_corporation_diff,anthem_diff,mcdonalds_diff,paypal_holdings_diff,resmed_diff,united_parcel_service_diff,global_payments_diff,boston_scientific_diff,morgan_stanley_diff,first_republic_bank_diff,synopsys_diff,parker_hannifin_diff,eversource_diff,msci_diff,visa_diff,maxim_integrated_products_diff,adobe_diff,workday_diff,activision_blizzard_diff,alexion_diff,advanced_micro_devices_diff,caterpillar_diff,amazon_com_diff,welltower_diff,amgen_diff,simon_property_diff,archer_daniels_midland_diff,coca_cola_diff,norfolk_southern_diff,raytheon_technologies_diff,facebook_diff,charter_communications_diff,ecolab_diff,iqvia_holdings_diff,ametek_diff,chipotle_mexican_grill_diff,paychex_diff,oracle_diff
2020-12-30,-0.0005619494400274479,0.0016612884624402227,,0.024270492418347285,0.0012864458491597909,,0.02196561828165955,0.0006810663863983518,0.0004453735195790598,0.0005619494400274479,0.0014081796919761123,,,0.005569360408260443,0.0012685685019647158,,0.0016950963151625004,0.0034933638181455563,0.00010210089130093468,0.001371548800097806,,-0.000829862613505678,0.0009380951324155933,-0.00011268996521045292,0.00041619266084440173,,0.005168524362612452,0.00044537646968587503,0.0005263198805625153,0.0005930615511003836,-0.0005255945384850799,0.0005950137659374267,-0.0029857491592388753,0.00031857933351305294,,,0.0012254723039122097,,0.0020866816358254474,-0.0030396069138474277,0.002046749866428193,0.0010119782418707651,-0.0012003017301073283,-0.0005715181577828069,,,-6.694677330889632e-05,,-0.0011848517303293367,0.000447977340771475,-0.01377181000282484,,0.002695670755522987,,,,,,-0.0005414996475672826,,,,-0.0008733949021708225,0.00018902091127434497,0.0009731331623548029,0.0006221504629930015,,0.0012864458491597909,,-0.00024067675619331055,,,-0.004480230962308705,,,-0.00024127292373561627,,0.0006236896404441213,,,,,,,0.0018559588769753925,,0.0005357080123620608,,0.003115325106912673,,,-0.0023896258848028376,,,0.001416625907490941,,-0.0031805655300324353,0.0013556329641985422,,,0.0012450749780182815,0.00924392361881484,,0.0009366651245018531,,-0.009260251783005949,,0.004306944110611959,-0.0025149816824595293,0.0018526252842149898,-8.863161017301263e-05,,0.00035105631774493354,0.0003185616588992341,,,,,,,0.0007524120675506906,-0.0027857735057544965,0.0021121928282393995,-0.00013026918700501772,,0.0006252175460784154,,0.0010744102216136465,0.0015324856240614645,0.00039162992490359707,0.0018124957084461831,0.0024040934851652473,,0.00571661919135407,0.011344216323130589,-0.016655681413967033,0.0009044658568274134,,0.0005619494400274479,0.0010576327592051672,0.005569360408260443,0.0009009462131737988,,,,0.0010274155764350924,0.001991894394967946,0.005512774418843636,0.002118412954104783,,,-0.002190529482859396,,0.003147966100870787,0.001975677344822776,-0.0011413176115773098,,0.0005619494400274479,,5.044853849771216e-05,,,-0.000686306569369544,-0.00140320817876881,3.7451093061461726e-05,0.004910418780522629,,9.378387299093443e-05,,0.0009270846857190713,0.000857408346047915,,0.0018512461943856295,0.003484060079224804,0.0002403825680485506,0.003215511823547789,-0.001355535132699481,0.001938316512209646,-0.0023777923594851154,,,,,0.0016327978920697003,0.0016612884624402227,,,-0.0025663608025304273,-0.0005608106403342574,-0.016655681413967033,0.005041535076877978,,0.0037319405635965583,,-0.0007761436519519877,0.003909909172441759,,,,,,,0.0015022768862605466,,0.0008877194789569671,0.0008990639806315394,,-0.0018683053835591686,,0.0014981300105358873,-0.0006521603172872044,,,,,,0.002201013366781887,0.011344216323130589,0.0011893563643464162,,,0.0008188992911250083,-0.0007079895666903471,0.0009767884748265595,,,0.0014935335210323705,-0.0037006037987867787,,-0.0024597997842674187,-0.000600849796006991,-0.0006664147314920534,-0.0005388152749663504,0.0014193341639737005,,,0.017672866204923466,,0.0020494754717330023,-2.6110224184941206e-05
2020-12-31,-0.0007158865462096082,,,6.204269159459106e-05,-0.00031624544282914666,,0.0018218436412111056,-0.0012443827163763055,0.00040435264884437853,,0.0009447342994908432,,0.0008501334746398862,,,0.00267879067797181,0.0013865824857012556,0.0019191663173113624,-0.0009807054949254779,,,-0.00037469811071635473,0.00043687961849522464,,0.0007284160902074615,,0.0018442555656491802,0.0006597643516928394,-7.180898179829167e-05,0.0005687293107910859,-0.001740290719723355,,0.00239557076557637,0.0002854629786746132,,,-0.0002799871252492358,,0.0002851866583197422,0.0006297338181028866,-0.0006557615954326177,,,-0.000568358792590552,,,0.0011166875068493506,-0.008130539497668655,,0.0009528966830953641,-0.008730431302741938,,0.0031954098165355113,,0.000972614299156986,,,,-0.0002206959316823923,,,,0.002242093899565609,0.001048112129631001,0.00042402418023581564,6.187532620284715e-05,,,,0.0006482144906546031,,,0.0002256525648991881,,0.00062828082800917,0.0020392654117669723,,0.0017849722901519022,,,,-0.002630581674891551,,,0.0010117947977031565,0.00014166268904185252,0.0003325250728770059,,0.001951842816476283,0.0018706498315316728,,0.0028123226049098196,,0.0005023583779587782,7.418134035266975e-05,0.0010698436603415046,-0.03720958989258813,,,,,0.010229315982296813,,,,,,,7.208260665396372e-05,0.0004108162707658439,-0.0011762177502182103,,0.001238483547088439,0.0006137771233205587,,0.005558762138116623,,,,0.0003330147010736137,-3.5045538380490946e-05,,,0.0028076808313074507,,0.0002513191049541614,,-0.0025220289517138765,0.002437058795949454,0.0005030010484093085,0.0018287912983124648,,0.0003330147010736137,0.000492554777049,,0.004998578475048395,-0.00021660439911211772,,0.0024067498433444578,0.0005167302811994129,,0.0004031947782112654,0.0003092207143646155,0.002673951325519386,0.002198890264311787,0.0036494087424957656,0.003231466706973649,,,0.0031243489196047672,,0.0017744252395994337,,0.0017198905140332899,,,0.0044786493481830765,-0.0028354322945106174,,-0.00020341781426157397,,,-0.0008211650032606291,-0.0013029076576592763,0.002264116624833521,0.0018272182523732636,,-0.0005474670116361156,,,-0.0020858430655378733,,0.0008544377879256516,,0.0012973806214530534,0.010229315982296813,-0.0002284852565032047,0.0009314001187037856,-1.5083631116978927e-05,0.0007026207715046452,,0.0013792116471859218,0.0024699598591623934,,0.0038814038600650798,0.001365645465441575,,-0.0035196249319862038,0.0011989071490047603,,0.003354435534899594,,0.001544283772183155,,0.0006989569334866401,,,,,,,0.00578370314653395,0.0037750801427775572,0.014796156887400151,-0.043763702264702706,0.0003689480133349518,0.00038573666769575195,-0.0018609017448644018,,-0.0007703856154861552,0.00210285490065116,0.0007158865462096082,,,,,-0.00037816531260098814,,0.00028433760609380504,,,0.0002510472037937243,,0.0002553354049043868,,,0.0034884088094582675,-0.0037729950419678007,,0.01641447367336818,-0.00026016761844189747,,-0.0007367822547182662,0.007048206708317019,,,,0.0011944037345470134,,0.0008101148379168154
2021-01-01,-0.0007256136394207901,,,,-0.00031062552834727297,,-0.0009448393874400926,-0.0037303405638545984,-0.0002955257954395511,,0.0008524485305816088,,0.004578980197336891,,-0.0008421390319177783,,,0.0036679327952371266,0.00025175651685908966,,,-0.0005695162512062031,0.0014230260764019485,,0.0010129237274526014,,0.0036754015205364746,-0.0030547798651758312,0.0023291759742463266,0.00033561190267244323,-0.0012192318172338568,0.0041529564509581365,-0.0008129146102927697,0.00029252688251911154,,,0.0010518535087333876,,0.0013083279562239954,0.0009742380348349291,-0.007490233085742719,,,-0.0005385768037915256,,,1.3986377423802617e-05,,,0.00016872422005038956,,,,0.003171498438246768,0.0019210518472198288,,0.005188467355443836,,-0.00030246208041212626,,,,0.001503767148382424,0.0024437961914965676,-0.001126935062347813,-0.00021616349482262212,0.003634007116996198,,,0.000904686976699147,,,0.00264160087925728,0.005936738646865244,0.0006382499268124594,-0.000695457112500085,,0.00016938933170196466,,0.006749283117133218,,,,,0.0012839424809607653,-0.00030246208041212626,0.003863414950664292,,,0.004107648271455423,,,,-0.002060444923530212,-0.003949796043352664,,-0.0001474935209511757,,,,,,,,,,,,-0.0002742658535128126,-0.0013602509532094536,0.005580807483034996,,-0.0010953080239293118,0.0006599949041936073,,,,,,,-0.00030675602723895896,-0.003952844756283725,,-4.747965227266829e-05,,,,-0.008244395330588189,,-3.5086816402277524e-05,2.20358197394199e-05,,,0.004403177729481978,,,6.889645071757528e-05,,0.004505498352937036,-0.0017288610432787898,,-0.0001551348032181244,0.0011789148916947156,,0.002078806242708311,,0.0016142483422722084,,,,0.0007256136394207901,-0.0005083438348205203,,0.0013449352345454898,0.0007256136394207901,,,,,-0.0003518154763787339,,,-0.0004060456278934261,0.0036087761931037888,0.00018003346983984012,0.0016358796191400645,,0.0005496889351941986,,,0.0010961610491091226,,0.0024251089052293286,,0.0012692683177851658,,,-0.0022999447652022643,-0.0007543576091704821,,,,,-0.002060444923530212,,0.0016358796191400645,0.003171498438246768,0.0002665192760915316,2.742194652314569e-05,,0.0014462447479829323,,0.0010046782130119858,,0.0004992941121571537,,,,,,,,,,-0.0005841083627975419,0.0001354790212031797,,,,-0.0018121353772014683,0.0005444945000803836,,,,-0.000846627485507612,,-0.0001490033711239819,,,,,0.0018520822729016905,0.007370457240786138,0.014082990250654329,,,0.0016751625648666478,,,,-0.015236078299924776,-0.0032331977557350402,-0.0004164906758581796,,,,,,,-0.0001571903806404126
2021-01-02,-0.0010054539718170352,,,,,,,,0.0003418589975218197,,0.001961092482409641,,-0.002081346867792788,,,,,0.0039902652985871565,-0.0008570713541547533,,,-0.000712657451402505,0.0020552075806408226,,,,0.0021884927915796484,0.0015983944089093195,0.005140073993818113,0.0011155885562792477,0.0008006380682591918,0.002840720452510036,,,,,0.00393501988338809,,0.0013014424421406742,-0.0023704428833307358,,,0.00044589302966452696,,,-0.00028727057443664935,0.0014268296970268368,,,0.0005121182428340987,-0.015158146754432054,,,,,,,,0.0002667487742872651,,,,-0.001622698296530254,0.001707936615485837,,-4.433114254621907e-05,,,,0.0011578090927600912,-0.0021616906457646553,,,0.0006960786624417256,0.0010054539718170352,0.00013306012816481736,,-0.000663817896599223,0.0033093006277836175,,,,,,0.0015747092882676453,0.008103592839805853,0.0029644278797133863,,,,,-8.462461582446124e-05,,0.010093150565106774,,,9.436374426430197e-05,,,,0.002840720452510036,,,,,0.013778469468316333,,,0.0001242232042739361,-0.0007600413332263143,0.0003344526365243781,,-7.263108778913434e-05,0.0016194423954278218,,,,,,,0.0007476995573514305,,,6.352482930468051e-05,,,,0.0003344526365243781,0.0005752944725852608,-0.0010816454965848006,,0.004132734280375364,,,,,-0.0010501917891014459,,,0.0005714794762332413,,-0.0007164583637057284,,,,,0.00237078005987157,,,,,-0.003078345595300199,0.0033093006277836175,,0.002981471556258891,,,,,0.0005882681286454846,,,-0.0003420843235224752,0.002318415047132958,0.00044253782123913703,,,0.0006865436360039003,,,,,0.0012467637832857812,,,,-0.0017574309179523894,0.002981471556258891,-0.00044011319965198224,,,,,,0.005335359062702947,,,0.00020225780521069842,-0.002864097300540245,,0.0013539165132561081,,0.004155319181546456,,-0.00010105091669276303,,,,,,,,0.001558264923370527,,-0.002683818122363032,0.0011853438141912044,,,,,0.0029551013773738274,,,,,,0.0009689842785265156,,,,,0.001587957601542777,,-0.0010434744386243035,,,-0.004357674519803076,0.0009333336375969824,,0.003830312728879181,-0.0006611930615730609,,-0.00015116052865688325,,,0.002108831332939616,,,,0.000852196271430691
2021-01-03,-0.0009836405766073266,,,,-9.510807495685626e-05,,0.0003425820607860021,0.0025965750204997896,0.0004610843796919149,,-0.000476913694404762,,,,,,,0.000687823522762958,-0.004554652252878613,0.0031401515144308004,0.0031401515144308004,-0.00013045727974810993,0.0005719939509643632,,-3.661145909181467e-05,,0.002432983621612648,0.0031401515144308004,0.0015442147951031221,0.001891680878060709,-0.0026370062096848037,,0.00024363983660658872,0.0019189241839073458,,,0.0024744008044098667,,2.6916105618083382e-06,-0.0010574455773864873,,,,-0.006785322416236259,,,0.0010679805070100165,,,-0.0007325255084749687,,,,,,,-0.002336205880494024,,,,,,0.0008041430274602956,0.0023821932038381394,-0.005587340095322382,0.0008492533060294379,,,,0.0012311622994716537,,,0.00578797691406391,,0.0011263664116961875,,,0.0005132259871267132,0.0030779691348715456,,,,0.0031401515144308004,,0.0006875491490093461,,0.0027747123516244252,,,-0.00361377873868369,,,,,-0.004922557604316528,0.0031401515144308004,0.002283916380872439,,,,,,,,,,,,-0.0006977170770645449,0.0020699806649610688,-0.001910191942835606,,0.0018739019376811002,0.0008223457213777216,0.0031401515144308004,,,,,,-0.00016680407632167034,0.00349660178492862,,0.00010618616707981242,,,,,,-0.0006709920034195572,0.001401481031477385,,,,,,3.680205134939647e-05,,0.0031401515144308004,-0.0017755451724257958,,,,,,-5.878437990054558e-06,0.002320167557435387,,,,0.0009836405766073266,-0.0008836340139424842,0.0030779691348715456,,,0.0009306746778143906,0.0031401515144308004,,,0.0006528601886879821,,,0.000321631416874515,6.073434911064827e-05,0.004354254947681326,,,0.0010596440458900765,,,0.0027679355610431096,,0.0030779691348715456,0.006383451583222087,-0.0005744932712650926,,-0.017168003443722515,-0.0035713409715216198,0.0007701097906199048,,,,,-0.0012974569247944457,,,,0.0006130789394864344,-0.002480178676685612,,,,0.0031401515144308004,,-0.001025857862539819,,,,,-0.0023320092907666732,,,0.0030779691348715456,,0.002829980883324121,0.0013992336278915093,,-0.0011151678249227011,,-0.0004054401479782787,0.0009380123409734038,,,,,,0.0014665656234639846,,,,,,,0.0021204555794852712,,,,-0.00021949869111184878,4.403275560471622e-07,,0.0031401515144308004,,0.00017614269015492042,,,0.0020381591888608327,,,,0.0007885076380145495
2021-01-04,-0.0008793458613773343,,,0.011183473003457225,,,0.00026090093402854613,0.00565122043265423,-0.00017464888388101245,,0.0013109458344326213,0.04172901906399174,,,0.004869025889039128,-0.0011529516241893427,,0.004249935191443719,0.0005663911113426484,0.0011391323398111017,,4.902426442406787e-05,0.0008221251692793618,,-0.0026537783219868225,-0.0004333346321905375,0.002136810982152216,0.00303421960489866,-7.836671981492822e-05,0.00101206190817508,0.001471920705963759,0.0003865451224994489,0.004602485912058843,-0.005699601507043718,,,0.0010413629502989722,,0.0009037123312091916,0.002437942060776767,0.0019013600469342294,,-4.875234593060241e-05,0.006075086764709612,,0.0031308098246498176,,-0.0025684074461040434,,0.0010152708098950217,-0.003920110323912487,,0.0007626897398389438,,,0.0017053676115625434,0.0012783372112448682,-0.00014698513040029189,-0.0005102955113559139,0.000494303474627926,0.0022504349668129925,,-0.000526241454612824,0.0024825684495202423,0.004344049029613048,0.00026321901574265715,,0.001504922376686871,,0.0012159786290201575,,0.0003444036257655604,-0.0005177493936399563,,,3.7761372533985844e-05,,0.0010301584478098124,,,,0.0008793458613773343,,,0.004375159022217684,,-0.0002352066350903855,,0.001637918682471727,,0.0016974997101151198,-8.878332578140375e-05,,,0.0011414181655604902,,0.004572079339310337,0.012816903253480172,,,0.005765670407144601,0.0019013600469342294,,0.001623312577451021,0.005267235286563808,,,0.0019576757440550427,-0.00017350514437260145,-7.618514684531303e-05,0.0011128919727159893,,0.0017558294132543843,-0.0001731734449357806,,,0.0013391269843602285,,,0.000694595182418589,-0.0004769630812955526,-0.0036482950649259762,,0.0008782016325448259,,,,0.009892604924752454,0.00252691659875631,-0.0011154526086807198,-0.0004079245426962275,,0.0032704414316820037,0.002306739885976664,0.003971292520443969,0.0019013600469342294,0.00098804332253849,,-0.0009799085775926398,0.0006548232801536736,0.0017053676115625434,0.0021203868140728765,-0.0018044944105343737,,0.0027304166783933396,-0.000341178809979799,0.0031498269177575628,,,0.014432063816611008,0.0007480745379917427,-4.47469871287916e-05,0.0017540535657320903,-0.00047132407090907924,0.0013288242089382054,,0.0022286268357335124,-0.003942435580274496,,0.0001908318675002429,,0.0017053676115625434,-0.0011129214267596014,0.0007020612723807107,0.003429937477782906,0.0030636473871782687,,0.001711687811781563,0.0045360746643049715,-0.00014698513040029189,-0.00017768105272319794,,0.00014255216969899032,0.0014632867852419481,-0.0007224713817425777,0.0019013600469342294,-0.004914089921736047,0.0009885715259805967,-9.415080627589272e-06,0.003018799669593731,0.0004196134639610156,,,0.0022520778257815646,,,,-0.0004298019216067505,-0.0025761998710460295,0.0019013600469342294,0.0048105848997962155,,0.005053577211462878,,-0.004397450652532571,,,,-0.007109550146298577,-0.0014944005038235418,,,0.0006389427534459547,,0.00028427025341780593,0.0018700880623749084,0.002955448877608998,0.0006626910323998762,,0.002770501140107369,0.00024027876850936576,-0.011970884701413354,0.0019013600469342294,,0.0034561970577144025,-0.0012686049935071051,0.00159291038436809,,0.007821982327575378,,,-0.0009525602592553073,0.0039278165452509275,0.0013994476850892295,,,0.0017763658037039188,0.0006211168315736091,-0.00010885959116188973,0.0011774463241114885,0.00027159768361710546,0.0007159611844092637,0.0006067473507870304,0.002039236686316627,,,0.0021809495673034045,0.0015014357124864463,0.0006697237846279569,0.001014029305905327
2021-01-05,-0.0005129182410518756,0.0023426329363615255,,0.00874596308494325,0.006505427604347755,,0.0012577838147764754,0.0010636514511228768,0.000989390201816708,0.00877847454173749,-0.00025150755499926084,,-0.0024383158761928287,,-0.0003107214929288048,0.006680220326721307,0.0034513886180316186,-0.0004748708322162889,-0.00016486247822690013,0.0067110144449307185,,6.382445327618658e-05,0.0011057061301169135,,-3.2183598788278265e-05,,-0.0002557239733583271,-0.0005545748474852704,-0.001413095523311432,0.00104188679651715,0.001156492444438359,0.02173307739224549,-0.0010018752320060088,0.0056356048379891475,,,0.0008204991441383569,-0.0013497332003267718,0.0006985561551221963,0.001173933805836281,0.0009850087006897782,0.001778337017335678,0.003627599359838936,0.0005085586601633873,0.003979002605545303,0.002410776875997936,-0.0008931786951932777,-0.00276352153580073,,0.0003349261753438084,-0.006788385825940239,0.012792764946007479,,,-0.005045124514403104,,-0.00042952494660208874,,,,0.0014369638360239166,,0.002269266689122562,0.0007686687191547205,0.0009953896017233462,-0.00032939349369904213,0.002512978242851931,0.001799175196667455,,0.0012684494736763432,,,-0.0007514642836776907,,0.0001931828966542784,-0.001048871258013907,0.003344711664651056,0.0014238758125561285,,,6.99817492860651e-05,,,,0.0015944591015733152,,-0.000972064605597808,,0.005784245287185969,0.0030740850543167363,0.011536818055850355,0.00016771867255133642,0.004380492498477617,0.0017069769173665241,0.006112575395530559,,-0.00027614501554098483,0.0012108666391219421,,,0.0008862364425541084,0.003876201959084021,0.006283689623457125,0.0030866309825385114,,0.004729480899172971,,0.016270876009725047,-0.0010685127984031537,0.00093569720254079,-0.0037440157033820677,0.000552663521498549,0.0003410886499221445,0.0010562659102554784,,0.0034410248426427342,-0.0018670311612238293,0.009800268869495926,,0.00031155703932822293,-0.0004626864876629197,0.0011272561836294637,,0.003573140929700541,,0.02173307739224549,,-0.0025521902359235803,0.0026491586545391737,-0.0014647472611350634,-0.0009656086479912768,0.002508294668814972,0.0029928990389148365,0.0038926249302598664,0.0003809024255571791,0.0015489300101455723,0.0003982878435622281,,0.0003465685411785225,0.0013804183683372591,,,-0.003962814114793084,0.001285235093690513,0.0025587982295827063,-0.00027958947875922737,0.0031971549512511046,,0.0002936776903196126,0.0013995437762281883,,0.0007417155977814918,0.0019169582585421919,0.0012323427014835303,0.00424005926282173,0.002205296420083232,0.008885832624196436,-0.00180840212856172,,0.0005201452175858975,,-0.006211126944531777,0.0037278090068870837,-0.0010790957549933417,0.0016160335728826144,0.0012219137829231352,,-0.0007728651115664554,0.000552663521498549,0.0004706295786422676,0.00025846974189568437,,-0.0003086587606006369,0.0008911780566343327,7.840152257807979e-05,0.008018665320770522,,0.0018168291057103643,0.0012432045356299418,,0.0010642919138263247,0.0001819297771031396,,0.002305253802992749,0.0027251353199789327,,,-0.00024446122074318476,0.008409248202359863,0.0015489300101455723,0.005993933132114389,0.0027852756726135966,0.0027087294513136887,,,0.0014599331513066235,,,,,,,0.0020804014467612785,0.0013995437762281883,0.005600031830736632,0.0008102462309970727,0.0034870846317819966,0.00080115125192389,,0.002454778866049674,0.0007622202300367924,0.008841492389157721,0.0025381862612699497,0.006924943379902328,,,0.00142829938193183,,0.0025644464360167294,,,0.00016383034020144737,0.0032953075715162596,-0.0006923043211913281,,,0.0009307413286868795,0.0012721470591082278,0.002731295276412802,0.0024642387789465606,-0.00034024991805471584,,0.0001924686987624259,8.413465224612016e-05,,,0.0009700737563577015,0.002590734199998693,0.00048371676164632964,0.001192504973980097
2021-01-06,-0.0007858338661509127,-0.0006115697274476222,,0.006282063223388854,0.009776994960189628,-0.0007638670185857349,0.0052874489214686324,0.0006438339970378116,-0.0010989039642947049,0.0043786175035877145,0.0008376700599858691,,0.004239945986630352,0.0005304060245161753,0.0020251580640482914,,0.0016868325291080366,0.001881608814208493,0.0008579769697853686,0.005205769376454551,,-0.0006701430809778968,0.0013563801240721652,,-0.002233292328867643,0.0002557362802376237,0.0014077653750368953,-0.00022264456075845554,-0.0011799134604614826,-0.00101961355032055,0.0003084593149343549,,0.00032177090208794875,0.00031963556648800513,,,-0.010746120355285677,,0.0018051453613119293,-0.0031348923725021544,0.0009936251667950556,,,0.0017893779581735643,0.004038174072763213,0.0023553285297417932,0.0029662297270544383,,,-0.00022915725129482774,-0.007262735331422673,0.005893403728823911,0.004974353679670728,,-0.003202400430037504,,-0.0011961296577976347,,0.001681669496993731,,,,0.0010909628240076713,0.0013884835008199565,0.002528908056590662,-0.0011765769311655968,0.002586221849761382,0.0032432136849191505,0.002353909871027052,0.0007667935656743928,0.00043933712148782825,,0.0008818210782956028,-0.0020030315885213004,0.00030627506025233866,0.0009513862341247624,,-0.0036960961549602307,,0.0029290431076691606,0.0024331000504358422,,,,0.0016899730682677827,-0.003404929690969191,0.0021313201677697472,,0.010073472019768439,0.004792932154547506,-0.00020870883110228058,-0.0008264832477973262,,0.00022845235030010845,0.002793582117087039,0.0011787447963179916,0.000382346579718548,0.0011146315938711498,0.010071824807035716,,-0.0008800121175633165,0.006842684386832685,,,,-0.0005051113273420847,,0.006150543629145098,-0.0007706088009891817,0.0005676093726001334,,-0.00392475907973615,0.0006272171463796805,0.0034234923067822222,,,,-0.00022065592078999898,,,-0.0024797673589070646,0.0002573743681827676,0.01593173634823432,0.0013397228139689558,,0.0010024779495999396,,0.0029860538881531103,0.0002497836325413592,-0.000699799677572945,-0.0007634592274049693,0.002716298528995257,0.001773563442725353,-0.011745494454651086,0.0013418868905729583,,-0.0005758805007365905,,0.000994506950230852,0.0017631530857991629,0.009319713367772342,0.0032337421599277286,0.0023549847365729273,0.002904365723573723,0.0017162869796362365,,0.0038197845783366213,,0.006803767307807043,,,-0.0009986553102589507,,0.000822474543833651,0.001638993986593916,-0.011260603456076046,0.005473902598013777,0.0004975594215675703,,0.0008554482155553573,,,0.000392888566726647,-0.0023441433579179344,0.001144586741264328,0.0049572015469755235,0.0009080021420310022,7.78009066194497e-05,,,-0.0003881749823999211,,0.0032822245950622974,,0.0006186258217079429,0.002675438571862051,0.002020744798199938,0.0004363569587114752,0.0003157868054296055,,0.0023583445842930593,-0.0007284304140743675,-0.00474534505923183,0.002285559952352972,0.002904365723573723,0.0025254105401672855,,0.000517416186643801,0.0023021408005800435,,0.002536122137760822,,0.0025780146973538058,,0.0005665942992728935,,0.017819674429403253,,-0.003142445034497599,0.005165035112258148,,,0.0065892435144879824,,0.0001652254392460785,0.001957388401226124,,0.0029427252574759756,,0.011919136485791145,0.001546259570609643,0.006391708823105803,0.0015012749835610713,0.008441949014122737,,,0.0020859286623541935,,,,,0.001706904967224128,0.002553495369047866,0.00015191489966369257,,,0.002118374324068154,0.0005847848312279843,0.001473154405939737,0.004786229093672575,,-0.0031729775290049176,0.0003664704925842469,0.002039162817036221,,,0.0032110463753970307,0.006058222728987895,,0.0023277453806720434
2021-01-07,-0.0012224210765382506,-0.00013235382761142664,,-0.000656895589327023,,,-0.00020415507833184375,0.0013167758610581788,0.0016038303625634704,,0.0025133229194550175,,,,0.0012552609400571706,,0.002811021265386328,0.0027312284740683493,0.0029303856505970994,,,-0.0007691730287007854,0.0041454958852717395,,-0.0010310806064520797,3.7144496395772166e-05,0.00529506709964828,0.0022184298943018405,0.004134936614225744,-0.0012169903150214241,0.0005854980340618632,0.0010267404810821983,-0.0005357358428620417,0.005605464932527046,,,-0.0029148588241397944,,0.0007682010525341958,-0.003040212048979076,0.0012114471522719206,,,0.0006878257534546972,,,,,,0.000333756889284372,-0.005881301495274381,0.03755963037886382,0.0030960568355012518,,0.0013134324181967856,,0.0026305048856865706,,,0.006633676487793661,,,-0.0012493722978077389,0.0044193902045557044,-0.007462313629392569,-0.002051032048653986,0.004819395305798373,0.005200516858110613,-1.933698032264078e-05,0.0013844105169369212,0.002782313132008012,,0.004405820588479297,0.0042889137894364816,0.006047793392107441,0.0026613102371206804,,0.003395088420942828,0.0023309333422264697,,0.0007196022031613062,,,-0.00018303024137789298,0.00211461003713559,0.001824119620125414,0.0014790873332899857,,0.008763899206251648,0.007636388280913333,,-0.003582441444332876,-0.001501971578499144,,0.0030007056211980507,,0.0009682625843105747,0.007676549045815766,-0.0029200809947127885,,,0.0010267404810821983,,,,0.011009551000687989,,0.001958833276162187,-0.0011295579994958982,-0.00024586138036466034,-0.001801884747466878,,0.0015788554961879467,0.0009147835935842299,,,,0.003087307264295959,,,0.0008339804451560412,-0.003756366198517684,0.012125208867882323,0.004045510904523954,,,0.0017639953718715364,0.002650167393409826,0.0011484725298216243,-0.0006591459551269295,-0.0016555060351276392,0.0032003899034404835,0.0026119899040200787,0.00507765977521466,0.0018215310522337789,,0.0018026344131470574,,0.00048666742841859247,0.001670665656902476,,0.004565028216479099,0.015486399775663398,,0.0060345827986553625,,0.0016488333916336384,,0.002563500484532154,,,0.0028022536607668035,,-0.0021849661389449163,0.000722321704839889,-0.012933191245544066,0.00930990370748001,0.0029383856303088515,,0.0016221060670233492,,,0.0007462702464553393,0.004991816304926072,0.001532892822833159,0.00909900806739571,,0.007653260023828186,,,0.0005661943490122141,,0.0035918702598288486,0.0012224210765382506,0.0003671308232216729,0.008727892117037775,,0.002232221075465937,-0.00015376342643178844,,,,-0.00650913915231594,0.004065351927957917,0.0019632447766214423,0.0012724962985309447,-0.00035406407100105233,-0.003277617694044705,0.002563500484532154,0.006966163986605593,0.0036775706373815137,,0.0024714913921014526,,0.0010824785148451262,0.0042806300831440235,,,-0.012795856316826492,,,,0.008736078905378974,0.0017832043786546463,0.002504370527039123,-0.0007989660401432836,0.003052999051024059,,0.0010778826419617664,0.003052999051024059,0.001488360893261413,0.0022371796151181103,0.002544279258148771,,0.0021766709044870047,,0.0009106299340940493,,0.00421732973182427,,,-0.0008791512933111218,0.0036993400002508147,0.0006468024653205661,,,0.003226999048358802,0.0016494978388852505,,0.0066367927879227035,0.0015232120816840327,,-0.00015027510547785936,-0.006448869038596386,,,0.004310323361585943,0.0037966692068012622,,0.0019811996878542908
2021-01-08,-0.0013653001678494898,,,,,,0.006836245611823779,0.0013819926563315857,0.0014752383476456605,,0.0029063446791584503,,,0.0015120064647771662,0.0026488312807213133,,0.004086045758990456,0.0034796465712005208,0.0010048081255308885,,,-0.0007784066749703944,0.0012091639521167048,0.004252444217508363,-0.0003587651966708244,,0.005052164893180213,0.002697381931620338,0.0020383090114904686,0.002013057359584137,0.00010903612885460371,0.01759906640161573,0.0003442197723936386,0.0011833541236646761,,0.002468444128136307,0.0018870108077421,,0.0014322625811061947,-0.00083660318833225,,,,-0.0025622909511261957,0.006744313739514512,,0.0017337755221122242,,-0.0007030034922206677,-0.00029548381357982875,-0.012261268472028816,,0.0007765453842168721,,,,0.003957505039951934,,-0.0012102633537419251,,,0.0056877086138356035,0.00032227899242095017,0.00211601015807419,,8.972842690921378e-05,0.0039916172336429655,0.0034038100644651226,0.013758025637998482,0.0018393291784425203,,,0.002390909807851737,,,0.0006674566141611672,-0.005232812363524507,0.0021341669370329524,0.0027253947904176423,,0.0070574677452629655,,,,0.0021680808852447843,0.006219292090806922,0.0022019288450452553,,0.0010101925702474164,0.00018507073204251652,0.004474685038588045,0.0016062169836009615,,,0.0032778926121293083,0.0009236820791725775,0.0013653001678494898,,0.0013653001678494898,,,0.00242128796041937,,0.007762161441251322,,0.01715867939660788,,0.0013710806130451598,0.000981119104140265,0.00207381716527341,-0.0006173988148320585,,0.0018771718734731239,0.00046773714162038683,0.005800454978944148,,,0.001120115025142883,,,-0.0004220727778196027,-0.008166070837486803,,0.004876445432294972,,,,0.002204719289817087,0.0017072349169469595,-7.934205009313172e-05,0.009387156287838115,0.003337971292864449,0.0031359115599631864,0.00301539504528395,0.0030130338856049557,,0.0018522415791875327,,,0.0023566137555971695,,-3.013674457777579e-05,0.00681459306246493,,0.017352264134607737,,0.002375400304080742,,,0.008523030927652001,,0.002342627581358575,0.001494872449746946,,0.0006243726070875011,0.000606694787972207,0.008621228607545332,0.006795655856147073,0.002383146281876607,0.003639038572548014,,,0.000932954491061847,0.003276951675423553,0.0021954511624883875,-4.0550429671533904e-05,0.0009634648582940392,0.0033961710871639765,,,0.005926153348298779,0.0006671321607002495,0.001428297544737228,0.0013653001678494898,0.000515511965166272,-0.004600190932010809,,0.001142505067740314,0.000903296011264598,,,0.004817661200226014,0.014939346591088266,0.002356372275490141,,,,-0.0035425940190492006,0.0017750436301874522,0.0047542092423966415,0.00337296734312517,,0.002702517544159763,,0.0013581449685517927,0.0067354323447971955,,,-0.0013854808674196016,0.0013653001678494898,,,0.006699411786454605,,0.0023358767130812284,0.0019828738323322374,,-0.0002961467863028791,,0.007813432718369014,0.0010408888385435055,0.0009240927405305181,0.0005583669980546124,,,-0.004745734371768081,-0.0018383889391345933,,0.014939346591088266,,,-0.0002536041251590354,0.0014329667077324169,0.0023377365848895135,,,0.0017391616173675682,0.0007530334032201418,,0.0018137025103033267,,,-0.0005449679367868713,0.005773527413268599,,,0.004995064233185247,0.0016926853489556977,0.00269027747878902,0.0006464300070534768
2021-01-09,-0.00231835996494914,,,0.004313482997536156,,0.0036448442179229565,0.0028176816902422846,,0.0023356217943406483,,0.0032745728166087874,,,,0.0021084082457242023,,,0.002880836496350105,0.0015004171407526662,0.005933394485437279,,-0.000986736699166674,0.002853310698386213,,0.0005055573863374917,,0.0022241273763045437,0.001775562803017946,0.0029326579944697266,0.0013870561372573927,0.0029754524853930365,0.003383228187506597,0.002207238372197409,0.0029291647335544153,,0.0029822973713401362,-0.0028451393834653485,,0.002782167907240308,0.002173955683356413,0.0022239985150414665,0.0022241273763045437,,0.0036448442179229565,0.006858774568687059,,,,,0.0011234222790237481,-0.006090960615581641,,,-0.007752374958920904,,-0.0017484519450000333,0.0039261135527668585,,,,0.0022241273763045437,,-0.0007012068821459,0.0006325442419314439,0.0019085586447715054,-0.0015533624349992948,0.0025839690887674216,0.003203711081581213,,0.0024885606178554577,,,,,,0.000984603339838942,,0.0027352425555214476,,,,0.0022241273763045437,,,0.0024673200624118893,,0.0028815737570336442,,,,,,,0.0021109837677482143,0.013562492384503097,0.0016945743974758145,0.0023803928957507863,,,,,0.0022241273763045437,,,,,,0.0021360845317003586,,0.0011254192519870234,-0.0026627450433859075,,0.002310235590683433,0.0015596107552078337,,,0.0004430474702300409,,,,0.0007685310030201209,0.0027526779196170408,,0.003405560979670314,,,,0.005518974482936592,0.004508630560477417,0.0010940111350082092,-0.0010902967547815915,0.0022241273763045437,0.004129429220237465,,0.0022241273763045437,0.0021084082457242023,0.003948511956772699,,,0.0014339961710868364,,-0.0007296748369564898,-0.016535335359334415,,0.011673394316331649,,0.004070220778488062,,,0.009305572140840566,,0.00028268134027805564,0.0030472780105598547,0.0021622078853157436,0.000806404686344391,0.00231835996494914,0.009256847122440173,0.007664524092187847,,0.002939541592869391,,,0.0011676432565698054,0.012438255129524041,0.0025923205584573693,0.0008531961935409483,,0.003928454734726718,,,0.00228255855321046,,0.0021159800507508644,,0.002577308085965451,0.0021084082457242023,,0.005203957945428571,0.0006078596934260547,,,,,0.002533412164086017,,,,-0.0012329367991320405,0.004439997699549233,0.008040384035597052,,,0.0011429228892782437,,0.007664524092187847,0.001857123047956172,,,-0.001372923422453363,0.0022241273763045437,,,0.0026647592309655753,,0.0053301365268437085,0.0021622078853157436,,0.0019646831406840803,,0.0025923205584573693,0.002412375862689263,0.004428552193412623,0.0021084082457242023,,,,0.002228893265478874,0.0021084082457242023,0.0023607374705882527,,,,,0.0007182556412586622,,,0.002418884063169557,0.0020246785212111626,0.002666004581415865,-0.002668972211323129,,,-0.0007138877082320861,0.004135602997956275,,,,0.002017172233663124,0.0027192524661976336,0.0014980633610253116
2021-01-10,-0.0019748791565978546,,0.0014974287418128068,,,,,,0.0018141139238097772,,0.004282373470854636,,,,,,,0.0018039748241789968,0.004540363135150407,,,-0.0011211709103365638,0.00460537967162216,,-0.0023949071974770524,,,0.001185323778434882,0.0020782905368410217,-0.0020726917334523832,0.001803161615564523,,0.0010671580811299256,-0.005366330257912897,,,-0.02476308875784065,,0.0020042227615986925,-0.0028018120003713586,,,0.0020779316154020365,0.0030116793811212446,,,,,,-0.0008314889617036763,-0.01986395028214422,,0.007160717373262177,,,0.0020680004075309404,0.003913328368249936,,,,,,-0.00012889920804610338,-0.00017126889825187612,0.0033082668594439438,0.0017335840010380024,0.0033492229074568213,,,0.002298407225034765,-0.0017328076549222296,,0.0032067278160142583,,,0.002847270097277537,,0.0016147280416041743,,,,,,,0.00215206494346172,,0.002898732262184918,,0.002594865332214004,,,,,,0.002999391943252263,0.002611617894154647,-0.011217454514459213,,,,,0.002571780047173983,,,,,,-0.00035225939132415033,0.0018327202172172695,0.0028687378098723832,0.00023501976887019098,,0.003198038433172936,0.002502383847405423,,,,,,,0.0008716613027217413,0.0019748791565978546,,,,,,0.002132065182616404,0.0034345897409031566,1.609743996281712e-05,0.005148784769527855,,,,,,-0.001445388289839747,,,0.0018582077697621604,,0.0048337338886040755,-0.00020620688327193607,,0.01021596847876825,0.0020680004075309404,0.003555649692824364,,0.0030069865429480864,,,0.0025347529683906298,,0.00020025626396254106,,0.0017888906234108874,0.009938825901217507,,,0.0021087816038933703,,,0.00034151160744575674,0.003321709992086746,0.006153220614376849,,,0.001257045292067461,,,-0.0013155164210317664,,,,0.002511072220210093,,,0.0017009930525777792,0.002013111445295593,,,,0.004141719686421327,0.002143114826979524,,,,-0.0019774075528842133,-7.325522047563074e-05,,0.0032864405704610584,,0.002515548060934932,,,,,,,,,,,0.0028765420961014473,0.003980324476958211,,,,,-0.0028651576276817075,0.00029521034498362995,0.0031546129761847435,0.006422694576939815,,,0.0008307828694543273,-0.0016341019732903123,,,,0.0024127630366382277,,,0.0017846095941999507,,,0.0020576828910462783,0.002821853003739403,-0.0015796833783130282,0.0018485750468950214,0.0017034421473559674,,0.00015384504266598978,0.0013796054964168468,,,,,,0.0022868443587339285
2021-01-11,-0.0012350493980263293,0.018557065680721626,,0.0009300672089861686,0.0008962350330604444,,0.0024660625264574954,0.003947949918224998,0.00165257381091198,0.0024624739627054984,0.001300035234317378,,0.0028083659493164485,,0.00037392321720705406,,0.00320929045608488,0.0042568045433573854,0.00024798136703635355,0.003570626198263602,,-0.0009971766305291458,0.0022639736574551024,,0.00032948224730355716,0.001946435834426846,0.004553095941120841,0.002827803632378126,0.0016562942833572558,-0.001312301048323082,-0.0026117068066253326,0.008961697749674688,0.0019620186802547096,0.0002927169547680575,,0.020590342190819122,0.0012714332411891927,,0.00035822204519506487,-0.0007155466338066888,0.0032215129004980548,,0.005098290657442974,0.0006596414454375706,0.0008386195321328899,0.0012646655358598347,,,,-0.00011870455727597761,-0.008065577592415617,,,0.004515633058531005,0.004961942659803306,0.0013276450771415593,0.001961005135017065,,,,,,0.0009910954246040075,0.0005449849763881621,0.00310661600156877,0.004143295039202469,0.015784216332737553,0.004411691893655606,,-0.00017844191425990747,-0.0025347692899341003,,-0.0008824553312213256,0.004545794425282555,0.004085269706945647,0.0019421320982515318,0.002596386339810112,0.0025215970113281264,,,,,,0.0032877550595840355,0.0017086436902648667,,0.002363358174750057,0.0013603099399535372,0.0013276450771415593,0.0022023330995723255,,0.00106633111706315,-0.014173271095039944,-0.0015753017116788071,0.004777491885776363,0.001567090262295495,-0.015707721686311012,,0.00188624368835479,,-0.0007035159741260308,0.007757627955962485,,,,,,0.002889646696620473,0.002234876158285836,0.0015539577931161764,-0.0011950605545783964,,2.015502663555856e-05,0.0003539204240867931,,,,,,,0.0003311774793532985,-0.0002117521904455614,0.0018725226241508317,0.0033152447621524837,,,,,-0.0004429526272770692,-1.2475468127654335e-05,0.011976890325904167,0.0058869863481279296,,0.0027923637343214933,,0.001759312284408076,0.0004253969752434114,,0.0010657235760103008,0.003082469342924176,,0.005029861725334578,-0.001918740424159231,0.008891284444442236,0.012691115384966405,0.0017040255162321825,0.00047275668513162023,,0.00038243892576434184,,,-0.0008107409798588339,,,0.0020547366033866225,0.0006401991698909437,,0.0012350493980263293,,5.362566273454548e-05,-0.00016572994494605054,,-0.0002684807157113298,0.00030541785214160326,0.002697208714905496,,,-0.001375853970465511,,,-0.0028794718979828103,,0.0021282368515262782,0.002660568405738384,1.9869438738560072e-05,0.003956460969468326,-9.570284051369708e-05,0.001573902875202466,0.0011977481313834328,-0.0031623173552943317,,0.0012350493980263293,,7.314906026159216e-05,,,0.0010446297800793685,-0.0006701596459148217,0.0033566871326264226,,0.006404701368275676,,0.0032011115362337054,,0.00040197571077997866,0.0006355231967508972,,,0.0008052319709916792,0.002657390331650918,,,0.00417724837013579,0.0020394769673679853,0.003751262138650671,0.0021141420454398076,,0.0010731842717618552,0.0059089444669736205,0.0008545559675319008,0.000460186551913633,0.009087424741567743,,0.007411193013952538,,-0.0002068077139338769,0.0029038561138321605,,,,0.0013276450771415593,0.0018295887298037275,0.003863612415196108,0.0014206397412871846,,0.00894039690919908,0.0012875778616269337,-0.0027130693369674403,,-0.0014431265412864186,0.0016939514972131725,-0.0031623173552943317,-0.0004504556822773013,0.001164679075597201,,,0.005788745757553077,0.004724081745018276,0.0037280509859211244,0.0027729134586706606
2021-01-12,-0.0011908101272913414,0.002515576062011441,0.00019108571798683916,,,,0.004058282288319345,9.474202445725727e-05,0.0012539961599540737,0.004068007238017433,0.0024492279430112372,,,,,,0.004387857159683707,0.0006166774442425468,0.00013717692910748315,0.013663059372720264,,-0.0011087566532384746,0.0026726743531499085,0.001788107011624106,-0.003978069697010249,,0.0040716001183259435,0.005244738499606205,0.0016401032756877252,-0.0019096334231769924,0.0009959853692527267,0.009823766848149566,1.470669574262732e-05,0.006265436872620264,,0.0011493213437839627,0.00039545744267224445,,0.000636193124668476,0.0018773269192635367,0.003988809214404161,,0.0028928798440669415,-0.000930282279638309,,0.0018425873063997096,-0.00045200786371267575,,,-0.0006678708510284171,-0.01080704915877939,,,0.0015822832063017661,,,0.003193767910646744,,0.0007121236596494483,,-0.003114450039580543,,0.0006173812883714339,-0.00015977340267645098,,0.00027232716458133223,0.008420460619047014,0.0019513435147070488,,0.0014716874240740664,0.01371389957345773,,-0.0007963428723286126,0.002621353662307471,,0.0035790771690916703,0.002591762775091846,0.004498357925892555,-0.0009856818807486487,,,0.012308274074943983,,,0.0035886231711826895,0.003206737939890677,0.004834072860408393,,,0.0008634759361182429,0.004810284036809252,0.001349266251619534,0.010099099951709632,-0.0010752405488363012,0.004009396897791101,0.0003245164945689411,-0.03314134378690589,0.0006055256463229773,,,-0.0006620093570764258,0.004873604249551926,0.0009705202867674079,,0.001932482995167264,0.0011908101272913414,,0.0012799122457057472,0.0016708524050468333,0.0019092218512346594,7.587257714731371e-05,-0.011929948524022682,0.004343379667309898,-0.0005322024864238544,,-0.0009751922986313774,,-0.03155772788440456,0.002235742206706178,,0.00048101564211123235,-0.0004067282951806179,0.008380259974699732,0.004931888972270465,,-0.004688084640492325,,0.0046997611423351664,0.003056449728546437,7.15609499325285e-05,0.006026456557896016,0.0016722135011575435,,0.003930251659261229,0.0019311968284064377,,0.0014700727906792198,,,0.0030082401414631677,,0.0018527564814952743,-0.0024661023610624043,,0.005446684689248924,0.0022270902959977534,0.0007801858512149693,,0.0009418278423809128,-0.02778070121988392,,-0.0010506554918281437,,0.0011908101272913414,0.0009785334058456904,0.0007954186075070642,0.00424999173807687,0.002130220506366914,0.0022162528255533654,0.0008507037429653147,,,-0.000331508225385167,0.0034435679054158888,-0.0031664883476541844,0.004832221898137369,0.0003840474996932502,0.0021181004252752555,,0.00043355599877440256,-0.004331219343019224,,-0.00022999697756313038,-0.00038412657236822924,-0.0005999150026105187,,0.0009385055205606462,0.0032025254462288173,0.0012403263387975646,,,,,0.0025873166984298865,,-0.1353745705487077,,-0.0015098707961988358,0.0035584748077882025,,0.0015357585643989628,,0.002211329476321788,,-0.0014372097141842493,,,,-0.0066267794492558905,-0.001536289057306004,,0.005856730246738894,0.0009746058707759297,,0.0012216856570262107,0.0021012230875142937,,-0.003258719493863001,0.0048142058211716205,0.0009777357657983438,0.0006619047378972859,0.0007288640699569741,0.0009174730644256392,0.002088943805508007,,,0.0028359560558270346,,,,,0.0018193752691238623,0.0006684332921799092,0.004033923710038553,,,0.001373989569138325,0.0119114425051596,,-0.0003347415645515155,-0.00021951606729220447,,-0.00018260115347928365,-0.0006165724256951325,0.007898485079461046,,,0.0028931076130394107,0.0025427598077242355,0.004090215784190273
